Chapter,Page,Content
МФК,Что такое МФК?,"МФК — это межфакультетские курсы, обязательные для всех студентов МГУ. Они направлены на расширение знаний студента в сферах, не связанных со специализацией. Проходить МФК можно на любом факультете, но в зачет не идут МФК, проводимые на факультете, где учится студент."
МФК,Для чего введены МФК?,"Одна из главных особенностей университетского образования — его универсальность и полидисциплинарность. Выпускник университета не может ограничиваться узкой специализацией. Межфакультетские учебные курсы предназначены для того, чтобы дать студентам МГУ возможность получить разностороннее образование. Кроме того, МФК дает возможность для установления новых контактов среди людей с разных факультетов."
МФК,"У меня не было учебных курсов, связанных с темой заинтересовавшего МФК. Я смогу что-нибудь понять?","Да, межфакультетские учебные курсы готовятся таким образом, чтобы для их понимания было достаточно знания школьной программы."
МФК,Для кого МФК обязательны?,"Для студентов, обучающихся по специальности «Фундаментальная и прикладная физика» МФК являются обязательными по учебному плану в 7–10 семестрах, по специальности «Астрономия» в 5–8 семестрах. При этом, как минимум один прослушанный курс должен быть по тематике искусственного интеллекта."
МФК,"Можно ли посещать МФК, если он для меня не обязателен?","Студент МГУ имеет право посещать любые лекционные курсы в Московском университете. Это правило в полной мере распространяются и на межфакультетские учебные курсы. Любой студент Московского университета может ходить на любые МФК и сдавать по ним зачет, если пожелает."
МФК,"Можно ли прослушать МФК раньше, чем это предписано по учебному плану?","Да, межфакультетские курсы можно прослушать заранее. В этом случае, по желанию студента, они могут быть засчитаны либо как обязательные МФК в соответствующем семестре, либо как дополнительный факультативный курс. Во избежание путаницы студенту необходимо своевременно сообщить в учебную часть своего факультета о своем желании засчитать ранее прослушанный МФК в качестве обязательного."
МФК,"Я передумал и хочу выбрать другой курс, что мне делать?","Если вы хотите изменить свой выбор, вы можете в течение всего семестра отписаться от одного МФК и записаться на другой. В течение двух первых недель чтения МФК свой выбор курса можно изменить на сайте, далее — только через учебную часть вашего факультета. Пожалуйста, не откладывайте регистрацию на МФК, иначе вашей фамилии может не оказаться в зачетной ведомости того курса, который вы фактически посещали."
МФК,У меня не получается записаться на МФК на сайте.,"Возможно, Вы только что зачислены на первый курс или переведены на новое место учебы, и информации о вас еще нет в базе данных студентов, или информация о вас в базе данных студентов содержит какие-либо неточности. Попробуйте записаться с указанием другого курса обучения в форме записи (на один курс больше или меньше). Если это не поможет, то обратитесь в вашу учебную часть для выяснения причин. Если проблема не будет решена — задайте вопрос через форму на этом сайте."
МФК,Когда проходят МФК?,"Для чтения межфакультетских учебных курсов отведено специальное время, общее для всех факультетов: две пары в среду, с 15:10 до 16:40 и с 17:00 до 18:30. В это время в расписании факультетов не должно быть назначено никаких других обязательных занятий. Точное время и место проведения каждого МФК указаны на сайте."
МФК,Можно ли ходить на несколько курсов одновременно?,"Да, записаться можно на 2 курса, проходящих в разное время."
МФК,В какие сроки читаются МФК?,Чтение МФК начинается со второй недели семестра и занимает от 24 до 30 часов академической нагрузки.
МФК,"Если не сдать МФК в семестр, когда он не обязателен, лишишься ли стипендии?","Нет, так как МФК не является обязательным курсом в данном семестре. При этом, не сдача МФК в семестре, когда он обязателен, является академической задолженностью."
МФК,Как записаться на МФК?,Запись на МФК осуществляется через портал lk.msu.ru.
Пересдачи,Когда может проводиться пересдача?,Пересдача может проводиться после каникул или на каникулах с предоставлением альтернативной даты. На нашем факультете все пересдачи проводятся уже после каникул.
Пересдачи,Как подготовиться к пересдаче?,"Чтобы подготовиться к пересдачам, можно прослушать лекционные и семинарские курсы на портале teach-in.ru"
Пересдачи,"Что делать, если пропустил экзамен или пересдачу?","Если пропуск попытки зачёта/экзамена произошел по неуважительной причине, попытка сдачи сгорает. Если попытка пропущена по уважительной причине, необходимо предоставить в учебную часть подтверждающие документы в течение трёх дней с момента получения. В таком случае будет назначена дополнительная попытка сдачи. Также рекомендуем предупредить начальника курса, если вы заранее понимаете, что пропустите экзамен по уважительной причине."
Пересдачи,Отличается ли формат проведения пересдачи от основного экзамена?,"Нет, не отличается."
Пересдачи,"Можно ли оспорить оценку, полученную на экзамене?",Процедура апелляции по результатам сессии не предусмотрена
Пересдачи,"Что делать, если экзаменатор относится предвзято и намеренно занижает оценку?",На повторной промежуточной аттестации экзамен/зачёт принимает комиссия. Также в случае конфликтных ситуаций вы можете обратиться к начальнику курса.
Пересдачи,"Сколько попыток предоставляется для сдачи экзамена? Можно ли получить дополнительные попытки, если не хватит основных?","Для сдачи экзамена или зачёта предоставляется 3 попытки — экзамен/зачёт, пересдача и комиссия. В случае неудачи на всех трёх  попытках можно написать в учебной части заявление с просьбой о предоставлении дополнительной попытки. Заявление будет рассмотрено на комиссии по студенческим делам. При положительном решении комиссии может быть предоставлена ещё одна попытка."
Академический отпуск,По каким причинам можно взять академический отпуск?,"Академический отпуск предоставляется по медицинским, семейным и иным (например, срочная служба) обстоятельствам. Для получения академического отпуска необходимо предоставить заявление в письменной форме и подтверждающие документы.  Подробнее об академическом отпуске читайте в посте: https://vk.com/wall-24234717_21720"
Академический отпуск,Сколько раз можно уходить в академический отпуск за период обучения?,"Академический отпуск предоставляется на срок не более чем 2 года неограниченное количество раз. Однако, отсрочка от армии сохраняется при изменении срока обучения не более, чем на год.  С 1 сентября 2025 г. максимальная продолжительность академического отпуска составит 2 года при академическом отпуске  по медицинским показаниям или в связи с прохождением военной службы и 1 год при других обстоятельствах."
Академический отпуск,Можно ли  выйти досрочно из академического отпуска?,"Да, для досрочного выхода из академического отпуска Вам необходимо прийти в учебный отдел и написать заявление о выходе из академического отпуска. Если академический отпуск был предоставлен по медицинским показаниям, то нужно будет к заявлению приложить заключение врачебной комиссии медицинской организации."
Академический отпуск,Что нужно сделать для оформления академического отпуска?,"Необходимо предоставить в учебную часть заявление в письменной форме и подтверждающие документы (например, заключение врачебной комиссии)."
Академический отпуск,Какие выплаты можно получать в академическом отпуске?,Выплаты в академическом отпуске: 1) ГСС (государственная социальная стипендия);2) Остается возможность получить разовую материальную помощь.Для контрактников: плата за обучение во время академического отпуска не взимается (а также возвращаются средства за остаток обучения).
Учебная часть,Что такое КСД?,"КСД — комиссия по студенческим делам. Заседания комиссии проходят каждую среду в 15:00. Задача комиссии — рассматривать обращения студентов, а также выносить решения по различным делам, касающимся обучения студентов на факультете и проживания в общежитии. Например: перевод между группами, уход и возвращение из академического отпуска, проблемы с пересдачами, пропуски занятий, нарушение Правил внутреннего распорядка, отчисление и иные вопросы."
Учебная часть,Кто входит в состав КСД?,"Комиссия по студенческим делам создаётся приказом декана факультета Владимиром Викторовичем Белокуровым и состоит из заместителя декана по учебно-методической работе работе Александра Сергеевича Воронцова, заместителя декана по учебной работе Балахниной Ирины Александровны, заместителя декана по социальным вопросам и внеучебной работе со студентами факультета Сергея Михайловича Варзаря, начальника учебного отдела Полины Александровны Мухортовой, начальников всех курсов, заведующего магистратурой, а также представителей иностранного отдела и студенческих организаций."
Учебная часть,"Что делать, если вызвали на КСД?","Для начала вам следует понять, что никто на комиссии не хочет вашего отчисления, напротив, вам всегда хотят помочь. Поэтому ваша главная задача – не доводить до ситуации, когда вам уже нельзя помочь. Для этого есть всего три простых совета:— Если вы заболели и пропустили занятия, зачёт или экзамен, получите в поликлинике подтверждающую справку и принесите её инспектору курса. Лежащая в личном деле справка поможет вам сохранить попытку сдачи, так как причина неявки уважительная. Обратите внимание, что справку необходимо предоставлять в учебную часть своевременно, не позднее трёх дней со дня получения!— Всегда сообщайте в учебную часть, если у вас появились обстоятельства, препятствующие освоению учебной программы. Ваш начальник курса может помочь советом, а если ситуация зайдёт далеко, вам будет проще, например, взять академический отпуск.— Если вы не хотите идти в учебную часть со своей проблемой, вы всегда можете написать максимально честно о ситуации в личные сообщения группы Профкома — мы подскажем, как лучше действовать в такой ситуации."
Учебная часть,Кто такие начальники и инспекторы курса?,"Начальник курса — это человек, который следит за тем, чтобы все студенты осваивали образовательную программу: посещали пары, сдавали зачёты и экзамены. Он связывается со старостами и передаёт им важную информацию. Начальник курса разбирается во всех проблемах студентов и выносит их на КСД для принятия решения.Инспекторы курсов помогают начальникам курсов. Инспекторы помогают с выдачей и приёмом справок у студентов, работают с зачетками и ведомостями, могут ответить на вопросы и помочь вам.Контакты начальников и инспекторов курсов можно найти на сайте Физического факультета: https://phys.msu.ru/informatsiya-uchebnogo-otdela.php"
Дисциплинарные взыскания,Какие бывают меры дисциплинарные взыскания?,Меры взыскания:— Замечание.— Выговор.— Отчисление.
Дисциплинарные взыскания,За что могут быть применены меры дисциплинарного взыскания?,"Меры дисциплинарного взыскания могут быть применены за: 1. Неисполнение или нарушение устава организации; 2. Неисполнение или нарушение правил внутреннего распорядка, проживания в общежитиях; 3. Неисполнение или нарушение других локальных нормативных актов по вопросам организации (например, Этического кодекса МГУ) и нарушения образовательной деятельности"
Дисциплинарные взыскания,Какие могут быть последствия при получении меры дисциплинарного взыскания?,"Применение меры дисциплинарного взыскания фиксируется в личном деле студента. Данная информация обязательно должна отрадаться в характеристиках, выдаваемых факультетом при поступлении на военную кафедру. Также студены, обучающиеся на контракте, не могут претендовать на перевод на бюджет, пока действует полученное дисциплинарное взыскание."
Дисциплинарные взыскания,Через какое время дисциплинарное взыскание перестает действовать?,Дисциплинарное взыскание перестает действовать через один год после его наложения.
Перевод на бюджет,Кто может перевестись на бюджет?,"На бюджет могут перевестись студенты, которые: не имеют академических задолжностей, дисциплинарных взысканий, задолжностей по оплате обучения,  И которые: а) закрыли последнюю сессию на оценки ""хорошо"" и/или ""отлично"" ИЛИ  б) относятся к следующим категориям граждан (за исключением иностранных граждан, если международным договором Российской Федерации не предусмотрено иное):а) детей-сирот и детей, оставшихся без попечения родителей, а также лицам из числа детей-сирот и детей, оставшихся без попечения родителей;б) граждан в возрасте до двадцати лет, имеющих только одного родителя-инвалида I группы, если среднедушевой доход семьи ниже величины прожиточного минимума, установленного в соответствующем субъекте Российской Федерации;в) женщин, родивших ребенка в период обучения;г) детей лиц, принимающих или принимавших участие в специальной военной операции на территориях Украины, Донецкой Народной Республики, Луганской Народной Республики, Запорожской области и Херсонской области (далее - специальная военная операция);д) студенты, утратившие в период обучения одного или обоих родителей (законных представителей) или единственного родителя (законного представителя);е) лица, принимающие или принимавшие участие в специальной военной операции."
Перевод на бюджет,Каково главное условие перевода на бюджет?,Наличие вакантных бюджетных мест. Актуальную информацию о наличии мест можно найти на сайте: http://edu.msu.ru/plata/budget.php?id=03
Перевод на бюджет,Какие документы необходимо предоставить для перевода на бюджет?,"Обучающийся должен представить в учебную часть физфака мотивированное заявление на имя декана о переходе с платного обучения на бесплатное.К заявлению необходимо приложить документы, подтверждающие выполнение одного из условий для перевода на бюджет."
Профсоюз,Как вступить в Профсоюз?,"Чтобы вступить в Профсоюз, можно прийти в кабинет Профкома (2-39) в рабочие часы (11:00-16:00) или воспользоваться сервисом в приложении «Твой ФФ» и подать заявление на сайте. Подписанное заявление также необходимо отнести в кабинет Профкома. Члены Профсоюза платят членские взносы в размере 4% от стипендии (для студентов, обучающихся на бюджете) или 240 рублей в год (при обучении на контрактной основе)."
Профсоюз,Сервисы для членов профсоюза,"Вы сможете пользоваться сервисами Профкома студентов физического факультета: 🔸 Бесплатный принтер; 🔸 Аренда флешек, повербанков и зарядных устройств; 🔸 Прокат словарей; 🔸 Бюро находок – Потеряшки; 🔸 Прокат инвентаря для настольного тенниса; 🔸 Сервисы для выпускников; 🔸 Буккроссинг; 🔸 Аптечка; 🔸 Канцелярия; 🔸 Швейный набор."
Профсоюз,Что такое карта Зачёт?,"Это ваш профсоюзный билет. С помощью этой карты вы можете получать скидки у полезных для студентов популярных брендов, участвовать в конкурсах и розыгрышах, а также посещать концерты и мероприятия.  Полный перечень скидок есть в статье: vk.cc/bYSCNw."
Профсоюз,РЖД-Бонус,"Если вы: 🔸 студент или аспирант очного отделения; 🔸 член профсоюза, то вы можете получить скидку в 25% на проезд в купе и на сидячих местах скоростных поездов АО «ФПК».Для этого необходимо зарегистрироваться в программе РЖД Бонус на сайте: rzd-bonus.ru. Затем, получив индивидуальный 13-значный код, нужно добавить его в личный кабинет члена профсоюза lk.msuprof.com во вкладке РЖД Бонус.https://vk.com/wall-24234717_22931"
Профсоюз,Как начать что-то делать в Профкоме?,"Чтобы стать активистом Профкома, можно написать в личные сообщения группы https://vk.com/profcomff, прийти лично в кабинет Профкома (2-39) или прийти на любое наше мероприятие и познакомиться с представителями Профкома там."
Профсоюз,"Можно ли быть членом профсоюза, если по результатам сессии лишился стипендии?",Членство в Профсоюзе не зависит от получения стипендии.
Профсоюз,"Что делать, если не выдали карту Зачёт?","Проверьте, что в личном кабинете члена профсоюза (https://lk.msuprof.com/) загружена фотография. Если фотография загружена, но карта не получена, напишите в личные сообщения группы Профкома или обратитесь в кабинет Профкома очно (к. 2-39)."
Профсоюз,Как долго изготавливается карта Зачет?,В течение 90 дней.
Профсоюз,Кто такой профорг?,"Профорг — это связующее звено между группой и Профкомом. Профорг — это выборная должность, поэтому он выбирается в группе путём голосования. Профорг обязательно является членом профсоюза.В обязанности профорга входит:1. Информировать студентов своей группы о доступных им льготах, бонусах и проводимых мероприятиях (в том числе о различных видах стипендий, материальной помощи и БДНС);2. Быть подписанным на группы Профкома Физфака и Профсоюзной организации МГУ (ОПК МГУ) Вконтакте, следить за информацией, появляющейся в беседе профоргов, и своевременно передавать одногруппникам эту информацию,3. Посещать все собрания профоргов и доносить до одногруппников информацию с них (собрания проводятся раз в месяц);4. Мотивировать членов группы на участие в общественных мероприятиях, проводимых факультетом и университетом;5. Контролировать соблюдение прав одногруппников, и в случае возникновения проблем обращаться за помощью или советом в Профком;6. Оперативно передавать информацию (жалобы, обращения, вопросы) от своей группы в Профком (куратору от Профкома);7. Контролировать заполнение одногруппниками заявлений на матпомощь;8. Представлять интересы группы на Профсоюзной конференции вместе с делегатами из своей группы;9. Осуществлять выдачу Профсоюзных билетов (карт «Зачёт»);10. Интересоваться делами своих одногруппников, и в случае понимания их тяжелого материального положения или возможности получения льгот, направлять в Профком;11. Следить за исполнением обязательств Профкома перед группой,12. Осуществлять сбор Профсоюзного взноса со студентов, обучающихся на контрактной основе.В случае, если студент(ка) группы считает свой вопрос слишком личным, чтобы излагать его профоргу, то профорг должен помочь ему/ей связаться с членом Профкома студентов, компетентным по данному вопросу. Всегда можно оставить свой вопрос в сообщениях группы или обратиться в кабинет 2-39.В случае невыполнения профоргом своих обязанностей или превышения полномочий Профком имеет право снимать Профорга с должности. В таком случае группа должна провести собрание и выбрать нового профорга. Выборы нового профорга считаются правомочными, если за кандидата проголосовало более половины членов группы на собрании группы."
Профсоюз,"Как участвовать в мероприятиях, которые организует Профком студентов физического факультета?","В группе Профкома ВКонтакте (https://vk.com/profcomff), а также в нашем телеграмм-канале (https://t.me/profcom_ff) регулярно публикуется информация о проводимых мероприятиях. Ждём вас на наших мероприятиях!"
Профсоюз,Что такое рейтинг групп?,"Рейтинг групп — это рейтинг активности групп 1 курса. За участие в культурных и спортивных мероприятиях и волонтёрство, студенты могут получать баллы, из которых составляется рейтинг групп. Также учитываются результаты сессий. Группа, занявшее первое место в рейтинге к концу 1-го курса получает поездку в Санкт-Петербург на 2 дня!"
Профсоюз,Режим работы Профкома,"Часы работы  Профкома студентов (каб. 2-39):
Пн-Пт: 11:00–16:00 

В каникулярное время Профком переходит в особый режим работы."
Профсоюз,Как связаться с Профкомом?,"Вы можете написать нам в личных сообщениях в группе Профкома ВКонтакте (https://vk.com/profcomff), а также в нашем телеграмм-канале (https://t.me/profcom_ff)."
Профсоюз,Как выйти из Профсоюза?,"Чтобы выйти из Профсоюза, необходимо прийти в рабочие часы (пн-пт, 11:00-16:00) в наш кабинет (2-39) и написать заявление о выходе из Профсоюза."
Профсоюз,Как получить скидки на билеты в театр?,Актуальная информация со скидками и билетами в театры в статье: https://vk.com/@profcomff-bilety-v-teatr
Профсоюз,Как воспользоваться бесплатным принтером?,"Необходимо в приложении «Твой ФФ!» во вкладке сервисы выбрать «Бесплатный принтер», ввести фамилию и номер Профсоюзного билета и загрузить файл PDF размером до 25 МБ и до 50 страниц. После отправки файла вы получите 6-значный код. Его нужно ввести в терминале принтера, расположенный у кабинета Профкома, чтобы распечатать файл.

Также вы можете отправить файл Телеграм боту t.me/profcomff_print_bot, авторизовавшись в системе, и получить 6-значный код."
Стипендии и выплаты,Что такое государственная академическая стипендия?,"Государственная академическая стипендия (ГАС) Это базовая стипендия для студентов-бюджетников. В первом семестре её получают все, а дальше размер зависит от результатов сессии и делится на три типа:Если сессия закрыта на «отлично»;Если есть оценки «хорошо» и «отлично»;Если есть только оценки «хорошо».Если в зачётке есть оценки «удовлетворительно» или пересдачи, стипендия в следующем семестре не выплачивается."
Стипендии и выплаты,Каков размер основных стипендий в МГУ в этом году?,"Размер стипендий в МГУ в 2024/2025 учебном году составляет:Государственная академическая стипендия (ГАС):За все ""4"": 3 091 рубльЗа ""4"" и ""5"": 3 555 рублейЗа все ""5"": 3 865 рублейПовышенная ГАС (ПГАС): 14 466 рублейГосударственная социальная стипендия (ГСС): 4 638 рублей Повышенная ГСС (ПГСС): 15 595 рублей"
Стипендии и выплаты,Что такое государственная социальная стипендия?,"Эта стипендия доступна определённым категориям студентов:Сироты и лица из числа детей-сирот; Студенты, потерявшие обоих родителей или единственного родителя во время обучения;  Дети-инвалиды и инвалиды с детства; Инвалиды I и II группы; Инвалиды вследствие военной травмы или заболевания, полученного в период службы; Студенты, пострадавшие от радиационных катастроф (например, Чернобыльской АЭС);Ветераны боевых действий; Студенты, отслужившие 3 года по контракту.Для оформления нужно подать заявление через приложение «Твой ФФ!», приложив подтверждающие документы. ГСС выплачивается даже во время академического отпуска, а её получатели освобождаются от оплаты проживания в общежитии."
Стипендии и выплаты,Что такое ПГАС?,"Если вы получаете ГАС, то вы можете также претендовать на повышенную стипендию, которая назначается студентам за достижения, полученные в течение года. Её размер составляет около 15 000 руб./мес, но точная сумма определяется в начале семестра. При рассмотрении заявлений на получение этой стипендии учитываются достижения в одном или нескольких из пяти направлений:Учебная деятельность (учёба на «отлично» на протяжении нескольких семестров, победы в олимпиадах);Научно-исследовательская деятельность (публикации, гранты, патенты);Культурно-творческая деятельность (выступления, награды в конкурсах);Спортивная деятельность (ГТО, выступления за МГУ или факультет на соревнованиях);Общественная деятельность (организация мероприятий, волонтерская деятельность).Анкеты на ПГАС подаются три раза в год — в сентябре и феврале для всех студентов и в мае для выпускников. Их рассматривает стипендиальная комиссия факультета, куда входят представители профкома. После рассмотрения в группе профкома публикуется список студентов, которым эта стипендия назначается."
Стипендии и выплаты,Что такое ПГСС?,"Студенты 1-2 курсов, получающие ГСС и закрывшие сессию без троек, автоматически получают повышенную социальную стипендию — около 15 000 руб./мес.. Дополнительные документы не требуются."
Стипендии и выплаты,Какие именные стипендии доступны студентам физфака?,"1) Студентам физфака, обучающимся по совместной программе с филиалом МГУ в г. Сарове, выплачивается стипендия для обучающихся по этой специальности в зависимости от курса обучения.▪1 курс - 10 000 рублей▪2 курс - 20 000 рублей▪3 курс - 30 000 рублей▪4 курс - 40 000 рублей▪5 курс - 50 000 рублей▪6 курс - 60 000 рублейСтипендия назначается в случае, если студент получает ГАС в указанном семестре2) Стипендия Правительства Москвы — 6 500 руб./мес. для студентов, обучающихся на бюджетной форме обучения и подходящие под следующие условия:▪1 курс — окончание московской школы с медалью «За особые успехи в обучении».▪2 – 4 курсы — сессии, закрытые без оценок «удовлетворительно» и участие в общественно значимых городских мероприятиях.С 2023 года, благодаря работе профкома, эта выплата стала доступна студентам нашего факультета.3) Стипендия Архимеда — 20 000 руб./мес. для студентов старших курсов с отличной успеваемостью и научными достижениями. Назначается на год.4) Стипендия Ломоносова — 3 600 руб./мес. за успехи в учёбе, науке, спорте или общественной деятельности. Назначается на семестр.5) Стипендия фонда «Базис»  — 25 000 руб./мес. для студентов 4–6 курсов за успехи в учёбе и науке. Назначается на год.6) Стипендия Президента и Правительства РФ"
Стипендии и выплаты,Какие выплаты могут получать аспиранты?,"🔸 Государственная стипендия аспирантам (ГСА) составляет на физическом факультете 9922 рубля. Сумма фиксированная, не меняется в зависимости от успеваемости, но если вы получаете тройку или пересдачу, стипендия теряется.🔸 Разовая материальная поддержка в этом месяце не назначалась. Напоминаем, что аспиранты могут получать разовую материальную поддержку по следующим причинам: ▪ рождение ребёнка; ▪ вступление в брак; ▪ смерть близкого родственника; ▪ затраты на лечение; ▪ и другое."
Стипендии и выплаты,Что такое БДНС?,"Программа предоставляет 1200 рублей в месяц студентам очной бюджетной формы обучения, относящимся к социально уязвимым категориям. Основными условиями для получения выплаты и её регулярного продления со стороны Профкома являются:🔸Соответствие одной из категорий БДНС;🔸Членство в профсоюзе;🔸Отсутствие академической задолженности.Категории БДНС: ▪студенты-сироты; ▪студенты-инвалиды; ▪студенты из многодетных семей; ▪студенты, имеющие детей; ▪студенты-участники боевых действий; ▪студенты-чернобыльцы; ▪студенты, имеющие родителей-пенсионеров или инвалидов; ▪студенты, состоящие на диспансерном учете с хроническими заболеваниями; ▪студенты из неполных семей; ▪студенты зарегистрированные в новых регионах, получившие гражданство упрощенно, студенты-беженцы; ▪студенты, являющиеся членами студенческих семей и проживающие в общежитии, либо не получающие ГАС; ▪студенты, являющиеся членами малообеспеченных семей и проживающие вобщежитии, либо не получающие ГАС; ▪студенты, проживающие в общежитии и имеющие родителей в разводе; ▪студенты, проживающие в общежитии; ▪студенты, проживающие в Курской, Белгородской, Брянской областях."
Стипендии и выплаты,"Как понять, можешь ли ты претендовать на какие-либо выплаты?","Для этого можно заполнить форму социального мониторинга vk.cc/ctpu6d. Профком проверит вашу анкету и напишет вам, какие выплаты вы можете получать, а также подскажут, какие документы для этого необходимо донести."
Стипендии и выплаты,Разовая материальная поддержка,"Материальная поддержка доступна студентам и аспирантам как бюджетной, так и контрактной формы обучения. Она выплачивается из двух разных источников, и условия отличаются. Расскажем о них подробнее.Разовая материальная поддержка из средств профсоюзного бюджета Эта выплата доступна только членам профсоюза, независимо от формы обучения (бюджет или контракт). Максимальная сумма выплаты — 10 000 руб., а причины могут быть следующими:🔸 Дорогостоящее лечение (кроме стоматологии) — требуются чеки и направление из государственной поликлиники;🔸 Операции по улучшению зрения — 1 000 руб. за диоптрию (по слабому глазу), требуется направление и справка из медицинского учреждения;🔸 Кража или ограбление — до 50% от ущерба, но не более 10 000 руб., требуется постановление из полиции;🔸 Участие в соревнованиях или творческих мероприятиях за пределами Московской области — требуются билеты и документы об участии;🔸 Тяжёлое материальное положение или иные ситуации — требуются  документы, подтверждающие тяжёлое материальное положение.Заявление подаётся через форму в приложении «Твой ФФ!». К нему прикладываются подтверждающие документы и реквизиты стипендиальной карты. Заявления рассматриваются на заседаниях профкома раз в две недели, после чего вы получите решение на указанную почту.Разовая материальная поддержка из средств стипендиального фонда Эта материальная поддержка доступна только обучающимся бюджетной формы (студентам и аспирантам). С 2024 года, благодаря усилиям профсоюза, подоходный налог (13%) с этих выплат отменён. Основания для выплаты:🔸Свадьба, рождение ребёнка, смерть близкого родственника — 18 000 руб. (требуются свидетельства о браке, рождении или смерти);🔸Участие в соревнованиях за сборную МГУ, Москвы или России — до 10 000 руб. (требуются документы о затратах на трансфер, проживание и участие);🔸 Дорогостоящее лечение (кроме консультаций и плановой стоматологии) — до 50% затрат, но не более 10 000 руб. (требуются направление из государственной поликлиники и чеки);🔸 Тяжёлое материальное положение или кража — до 10 000 руб. (требуются документы, подтверждающие тяжёлое материальное положение).Заявление также подаётся через форму в приложении «Твой ФФ!». Мы собираем документы и выносим каждую ситуацию на обсуждение на стипендиальной комиссии факультета."
Стипендии и выплаты,Что такое дотации контрактникам?,"Дотации контрактникам Аналогичная программа предусмотрена для студентов, являющихся членами профсоюза и обучающихся на платной основе. Размер выплаты составляет 1200 рублей в месяц.Категории студентов, которым полагаются дотации: ▪студенты-сироты; ▪студенты-инвалиды; ▪студенты из многодетных семей; ▪студенты, имеющие детей; ▪студенты из неполных семей (развод родителей не соответствует данной категории); ▪студенты-чернобыльцы; ▪студенты, находящиеся на диспансерном учёте с хроническими заболеваниями."
Стипендии и выплаты,"Можно ли получать стипендию, если пропустил основной зачет/экзамен по уважительной причине?","В случае пропуска по уважительной причине, необходимо в течение трех дней предоставить подтверждающие документы в учебную часть и написать заявление на продление сессии. Если вы заранее знаете о том, что пропустите попытку сдачи, лучше предупредить об этом начальника курса. При успешной сдаче на ""зачтено"", ""хорошо"" или ""отлично"" пропущенного по уважительной причине зачета/экзамена студент будет получать стипендию"
Стипендии и выплаты,Какое максимальное количество стипендий можно получать одновременно?,Количество получаемых стипендий не ограничено
Стипендии и выплаты,В какие даты обычно выплачивается стипендия?,23-26 число каждого месяца
Стипендии и выплаты,Как начать получать БДНС?,"Если вы подходите по категории, то подать заявление на выплату БДНС можно с помощью приложения «Твой ФФ!». Если вы НЕ член профсоюза, для подачи заявления (бланк можно скачать по ссылке:  https://disk.yandex.ru/i/VjIZ5YLMjXTV4A или взять в кабинете профкома) необходимо отнести его и подтверждающие документы  в ОПК МГУ (Экономический факультет, 1 этаж, кабинет 103) по будням строго с 12:00 до 18:00."
Инфраструктура и другие вопросы,Что где находится?,"Учебная часть находится на 2 этаже рядом с Холлом ЦФА напротив северной лестницы. График работы учебной части: с 8:45 до 11:00, с 12:00 до 13:15, с 14:15 до 17:00. ""Кабинет 174 расположен в Главном здании МГУ на 1 этаже в переходе из А корпуса в Б корпус""Библиотека находится на 5 этаже, вход со стороны южной лестницы. График работы библиотеки: пн–пт 11:00–19:00, сб 11:00–17:00, вс выходной. Абонемент библиотеки находится на 4 этаже. График работы: пн – пт 12:30 – 17:00.Гербовую печать можно поставить в 174 кабинете главного здания"
Инфраструктура и другие вопросы,Когда в МГУ каникулы?,Зимние каникулы: с 25 января по 6 февраля Летние каникулы: с 25 июня по 31 августа
Инфраструктура и другие вопросы,Календарь праздничных и выходных дней,
Инфраструктура и другие вопросы,Как воспользоваться бесплатным принтером?,Принтер расположен у кабинета 2-39 и отправка файлов в печать реализована одним из трех способов:Приложение «Твой ФФ!» (https://app.profcomff.com/apps/1)Бот в Telegram (https://t.me/profcomff_print_bot)Группа ВК (https://vk.com/profcomff_print_bot)
Инфраструктура и другие вопросы,Как долго изготавливаются автомобильные пропуска?,В течение месяца.
Инфраструктура и другие вопросы,Летние лагеря,"Студенты и аспиранты, обучающиеся на бюджетной основе, могут бесплатно отдыхать в лагерях университета до трёх раз за весь период обучения. Доступны базы отдыха в Подмосковье («Университетский», «Красновидово») и на Черноморском побережье («Буревестник»). Для получения путёвки необходимо подать заявление в Профком в установленные сроки: в ноябре — для зимних лагерей, в апреле — для летних. Отбор проводится на основе социальных критериев, академических достижений и количества предыдущих поездок. Подробная информация об отборе публикуется в группе Профкома: https://vk.com/profcomff."
Инфраструктура и другие вопросы,Социальная карта Москвича,"Социальная карта москвича позволяет пользоваться льготным проездом в транспорте.Оформить карту москвича могут: 🔸 студенты, аспиранты и ординаторы очной формы обучения ВУЗов Москвы; 🔸 студенты-москвичи, обучающиеся за пределами Москвы. Пополнить карту можно в любом терминале метрополитена.Социальная карта дает скидку 50% при проезде на пригородных поездах и МЦД в центральной зоне, льготный проезд в метро и наземном транспорте, скидки в магазинах Москвы. Больше о преимуществах и оформлении карты читайте на портале: mos.ru."
Общежитие,Куда обращаться при возникновении поломок в комнате?,Обращаться к дежурному администратору вашего этажа.ДСЛ 1131ДС 228
Общежитие,Общежития в МГУ,"В МГУ общежития предоставляются иногородним студентам, зачисленным в МГУ на обучение по очной форме на бюджетные места, и имеющим постоянную регистрацию за пределами 5-ой зоны Московской железной дороги. Для студентов контрактной формы обучения, имеющих постоянную регистрацию за пределами 5-ой зоны Московской железной дороги, при наличии жилого фонда предоставляется общежитие с оплатой проживания по контракту.Стоимость общежития для студентов, обучающихся на бюджетных местах, составляет 120 рублей в месяц. Для аспирантов стоимость проживания составляет 200 рублей в месяц.Подробнее о правилах внутреннего распорядка в общежитии: https://drive.google.com/file/d/1vBBAhhNmhE1zcOLZ4ldzVoLE7mv_3o6_/view"
Общежитие,Как остаться в общежитии на летний период?,"Весной проводится сбор заявлений для желающих остаться в общежитии на лето. Необходимо написать заявление на имя начальника управления общежитиями с указанием причины, по которым вам необходимо остаться на лето в Москве (это могут быть работа в приёмной комиссии, на кафедре и т.д.). В летний период плата за общежитие происходит по контрактным расценкам. По бюджетным расценкам продливается общежитие для жителей приграничных регионов (Белгородская, Брянская, Курская, Херсонская, Запорожская области, Республика Крым, Луганская и Донецкая Народные Республики) и студентов, получающих государственную социальную стипендию."
Общежитие,Каков порядок приглашения гостей?,"Приглашение родственников (разрешен проход близких родственников: родителей, детей, супругов, братьев и сестер) и студентов и сотрудников МГУ:- Допускаются с 8:00 до 23:00 по заявке проживающего (необходимо получить временный пропуск в отделе пропусков).- Ответственность за гостей несет пригласивший."
Общежитие,"Что делать, если в комнате были замечены насекомые?",Можно оставить заявку на дезинсекцию у дежурного администратора. ДСЛ 1131ДС 228
Общежитие,Могут ли родители остаться на несколько дней?,"Да, если заявление об их оставлении как гостей будет согласовано с проректором. Для написания заявления необходимо обратиться в управление общежитиями."
Общежитие,В каких общежитиях проживают студенты физфака?,"Студенты 1 и 2 курсов проживают в Доме студента на Ломоносовском проспекте (ДСЛ), а перед 3 курсом переезжают в общежития в главном здании МГУ (ДС)."
Общежитие,В течение какого времени после отчисления или ухода в академический отпуск необходимо выселиться из общежития?,В течение двух недель.
Инфраструктура и другие вопросы,Как оформить пропуск на машину?,Кнопка в приложении (https://app.profcomff.com/apps/7) для оформления постоянного пропуска. Сайт для оформления временного пропуска (https://pass.msu.ru/)
Обучение,Какие предметы изучаются на физическом факультете?,"Первые два года обучения студенты проходят одинаковую программу. Мы изучаем различные разделы физики и математики, выполняем практикумы (лабораторные работы) и программируем, также изучаем иные предусмотренные учебным планом дисциплины.
На старших курсах изучаемые предметы зависят от выбранной кафедры. 
Актуальные рабочие планы всех курсов размещены на официальном сайте Физического факультета МГУ в соответствующем разделе:
https://www.phys.msu.ru/rus/students/working-plans/"
Обучение,Как получить зачёт по физической культуре?,"Для получения зачёта по физкультуре необходимо набрать 72 балла за семестр.
Посещение одного занятия даёт студенту 3 балла. Дополнительные баллы можно получить за участие в спортивных мероприятиях и соревнованиях.
Помимо занятий общей физической подготовкой студент может заниматься в центральных спортивных секциях. В центральные секции в начале года происходит отбор, поскольку студенты секций защищают честь МГУ на соревнованиях разных уровней. Условия зачёта устанавливаются каждой секцией индивидуально, требования могут отличаться в зависимости от вида спорта.
Как получить зачет? Наши рекомендации:

Регулярно посещайте занятия для стабильного набора баллов.
Уточняйте условия зачёта у преподавателя в начале семестра.
Участвуйте в спортивных мероприятиях для дополнительных баллов."
Обучение,Есть ли записи лекций и семинаров? Где их можно посмотреть?,"Да, у нас есть записи лекций и семинаров по основным предметам. Их можно посмотреть на сайте: https://teach-in.ru"
Стипендии и выплаты,Что такое стипендия для талантливых абитуриентов?,"Фонд Олега Дерипаска ""Вольное Дело"" утвердил стипендию для наиболее талантливых абитуриентов, поступающих на физический факультет МГУ. Стипендия составит 15 000 рублей ежемесячно в течение первого учебного года с возможностью продления.
 Вы можете претендовать на данную стипендию, если вы:
✅ являетесь победителем или призёром заключительного этапа всероссийской олимпиады школьников;
✅ являетесь победителем в олимпиаде из Перечня РСОШ I или II уровня;
✅ набрали 100 баллов на ЕГЭ по физике;
✅ имеете опыт участия в школьных научных исследованиях.
Стипендию можно будет продлить на второй год, если вы:

Станете призёром всероссийской студенческой олимпиады, студенческой олимпиады физического факультета МГУ, студенческого турнира физиков или получите статус победителя на студенческой конференции по физике.
Опубликуете статью в рецензируемом научном журнале.
Победите в конкурсе конспектов. 
Закроете две первых сессии на отлично."
Обучение,"Что делать, если потерял зачётную книжку?",Необходимо обратиться в учебную часть.
Инфраструктура и другие вопросы,Есть ли на физфаке медпункт?,"К сожалению на физическом факультете нет медпункта, но есть аптечка в кабинете Профкома."
Обучение,Когда у нас будут каникулы?,"1)        Зимние каникулы 
Даты: Обычно с 25 января по 7 февраля (после зимней сессии). 
Продолжительность: 2 недели 
2)        Летние каникулы 
Начало: После летней экзаменационной сессии (примерно с конца июня или начала июля). 
Окончание: Конец августа (начало нового учебного года)
Точные даты устанавливаются ежегодно приказом ректора МГУ и могут незначительно меняться. Каникулы начинаются строго после завершения экзаменационной сессии. Даты сессий также утверждаются ежегодно"
Профсоюз,Что такое Профсоюз?,"Профсоюзная организация студентов физического факультета МГУ имени М.В. Ломоносова — это единственная самостоятельная студенческая профсоюзная организация в МГУ, осуществляющая представительство и защиту индивидуальных и коллективных прав студентов и аспирантов. Мы активно участвуем в работе коллегиальных органов управления факультетом, ведём конструктивный диалог с администрацией и реализуем широкий спектр программ, направленных на повышение качества жизни обучающихся. 
Наша организация является частью Общероссийского профсоюза образования, что позволяет нам эффективно отстаивать интересы студентов на различных уровнях.
Основные цели Профсоюза — представительство и защита прав членов Профсоюза, обеспечение социальной и правовой защищенности обучающихся, а также реализация права на участие в управлении образовательным процессом. 
Мы работаем над 100 проектами, направленными на поддержку и развитие студентов, и строим свою деятельность на принципах независимости и инициативности. С момента основания в 1953 году Профсоюз стал незаменимым элементом студенческой жизни, стремясь создавать комфортные условия для обучения и всестороннего развития на факультете."
Профсоюз,Зачем вступать в Профсоюз?,"Социальная поддержка
Помощь в получении выплат по программе БДНС и дотаций студентам-контрактникам (1200 рублей в месяц) и разовой материальной помощи в различных ситуациях, включая свадьбу, рождение ребёнка или смерть близкого родственника, дорогостоящее лечение и иные.
Программы
Бесплатные или льготные билеты в театры Москвы (например, Московский государственный академический театр оперетты, Московскую консерваторию им. П.И. Чайковского), а также отдых в лагерях МГУ, таких как «Буревестник» на Чёрном море или «Красновидово» и «Университетский» в Подмосковье, до трёх раз за время обучения.
Мероприятия и досуг
Участие в культурно-массовых, спортивных и научных событиях, включая образовательные школы Студенческий лидер и Профучёба, Псевдонаучную конференцию, Спартакиаду Первокурсника, концерты, интеллектуальные игры, вечера настольных игр и многие другие мероприятия.
Сервисы для студентов
Сервис проката (портативные аккумуляторы, зарядные устройства, флешки, канцелярия, словари), бесплатная печать документов, буккроссинг, аптечка, помощь в оформлении автомобильных пропусков и печать дипломных работ.
Правовая защита
Консультации по вопросам стипендий, выплат и образовательного процесса, представление интересов студентов на комиссиях по отчислению, а также правовые ликбезы и информационные материалы для повышения грамотности.
Скидки у наших партнёров по карте Zachёt!
Членам профсоюза доступны скидки у партнёров из следующих категорий:

Питание — скидки в кафе, ресторанах и кофейнях;

Образование — льготы на языковые курсы, онлайн-платформы и учебные материалы;

Путешествия — специальные предложения на авиабилеты и железнодорожные перевозки;

Красота и здоровье — сниженные цены в салонах красоты, магазинах оптики и медицинских центрах;

Развлечения — льготные билеты в кинотеатры, антикафе и культурные мероприятия.

Актуальный список партнёров с детальными условиями и скидками доступен на сайте программы Zachёt!"
Обучение,Сколько длятся занятия?,"Количество пар в день зависит от расписания, которое публикуется на официальном сайте факультета и в нашем приложении в начале семестра.
Продолжить занятия - 1ч. 35 мин. (с учётом 5-минутного перерыва). Между парами есть перерывы 10-20 минут, а также часовой обеденный перерыв."
Обучение,Что такое ГП?,"Это группа ВКонтакте, где можно:
1. посмотреть примеры уже выполненных практикумов;
2. узнать о нюансах их выполнения;
3. разобраться в обработке данных.
Присоединяйтесь: https://vk.com/ff_help"
Обучение,Что такое «Дубинушка»?,«Дубинушка» — раздел приложения «Твой ФФ» от Профкома Физического факультета с отзывами о преподавателях.
Обучение,Как готовятся к практикумам?,"Прежде всего, рекомендуем начинать подготовку к практикумам заранее - это достаточно трудоёмкий и длительный процесс.
Порядок подготовки:

Перейдите в раздел ""Общий физический практикум"" на сайте кафедры общей физики Физического факультета МГУ: http://genphys.phys.msu.ru/rus/index.php
Выберите нужный курс и конкретный практикум (например: http://genphys.phys.msu.ru/rus/lab/mech/index.php)
Внимательно изучите методическое пособие к практикуму: 
Прочитайте весь теоретический материал;
Составьте конспект в тетради;
Убедитесь, что полностью разобрались в теории.
Изучите принцип работы с установкой:
     Определите, какие параметры нужно будет измерять;
     Подготовьте таблицы для записи результатов.
После полного освоения материала можно спокойно отдыхать."
Обучение,Как проходит практикум?,"1. Приходите в свою аудиторию (номер можно узнать из расписания,которое публикуется в первые недели учёбы).
2. Занимаете установку и получаете практикантские бланки.
3. Допуск к практикуму:
    Преподаватель, отвечающий за задачу, вызывает вас;
    Отвечаете на теоретические вопросы;
    Получаете допуск к выполнению работы.
4. Практическая часть:
     Инженер объясняет принцип работы установки;
     Выполняете задания из методического пособия;
     Проводите измерения;
     Записываете данные в соответствующие таблицы;
     Фиксируете дополнительные параметры (если требуются).
5. Завершение работы:
     Приведите установку в исходное состояние;
     Подойдите к преподавателю с тетрадью;
     Он проверит записи и поставит подпись под таблицами данных.
6. Вы свободны и можете приступать к сдаче до этого обработанных практикумов."
Обучение,Как проходят обработки практикумов и сдача результатов?,"Обработка практикумов
1. Подготовка к обработке
•        Необходимо запастись терпением, так как обработка данных требует внимательности и аккуратности.
•        Используйте заранее подготовленные формулы и задания из методички.
2. Основные этапы обработки
•        Расчёты и погрешности: Важно уметь считать погрешности и правильно применять формулы.
•        Построение графиков: Для автоматизации вычислений и построения графиков удобно использовать программы (Excel, Origin).
•        Фиксация данных: Все промежуточные расчёты и примеры подстановки чисел в формулы должны быть записаны в тетрадь, чтобы преподаватель видел ход ваших мыслей.
•        Оформление:
           1.     Графики распечатываются и вклеиваются в тетрадь. 
           2.     Числовые данные заносятся в таблицы.
           3.      Обязательно пишется вывод по результатам работы.

Сдача практикумов
1. Сроки сдачи
•        Обычно сдача проходит в день проведения практикума, но можно договориться с преподавателем о другом времени.
•        На сдачу даётся три недели с момента выполнения работы. Если за это время практикум не сдан, он считается просроченным, и студенту выдаётся новый (проводится в запасной день).
2.  Требования на сдаче
•        Необходимо полностью знать теорию (вывод формул, физические процессы) из методички.
•        Нужно понимать ход эксперимента и уметь объяснить полученные результаты.
•        Преподаватель может задавать дополнительные вопросы по теории и практике.
3.  Особенности сдачи
•        Уровень строгости и детализации вопросов зависит от преподавателя.
•        Важно показать не только правильность расчётов, но и понимание физической сути эксперимента."
Обучение,"Что делать, если пропустил практикум?","Если вы пропустили практикум, в первую очередь нужно написать куратору группы и сообщить об этом. Независимо от причины пропуска, выполнение задания переносится на резервный день.
Кроме резервных дней, существует дежурный практикум — он проходит после всех резервных сроков. На дежурном практикуме можно сдать уже выполненные задания, но приступить к новым нельзя.
Важно помнить, что все 12 заданий практикума должны быть сданы в течение семестра. Обязательно учитывайте резервные и дежурные дни при планировании своей работы."
Обучение,Обязательно ли ходить на пары?,"Посещение пар является обязательным, поскольку мы обучаемся на очном отделении. Преподаватели вправе подать докладную в учебную часть из-за пропуска занятий, и в случае систематических пропусков без уважительной причины студент может получить дисциплинарное взыскание."
Обучение,За что могут отчислить?,"Основания для отчисления из университета:
1. Академическая неуспеваемость:
   Несдача зачёта или экзамена на повторной комиссии (третья попытка)
2. Дисциплинарные нарушения:
   Серьёзные нарушения Устава МГУ или Этического кодекса."
Обучение,Что делать в случае болезни?,"Порядок оформления пропуска занятий

В первый день заболевания необходимо обратиться в медицинское учреждение (поликлинику);
После выздоровления получить официальную медицинскую справку, подтверждающую период нетрудоспособности;
Предоставить справку инспектору курса в учебной части факультета в течение 3 рабочих дней после выхода на занятия."
Обучение,Как происходит распределение по кафедрам?,"Основные этапы (для 2-го курса)
Подготовительный этап
— Кафедры объявляют количество доступных мест.
— Публикуется официальный список кафедр с квотами и требованиями.
Подача заявлений
— Студенты выбирают до 3-х приоритетных кафедр.
— Заявления подаются в электронном виде через портал факультета в строго установленный период.
Отбор кафедрами
— Кафедры проводят собеседования/тестирование.
— Учитываются:
• Академическая успеваемость (особенно по профильным предметам)
• Научная активность (курсовые, публикации, конкурсы)
• Результаты собеседования.
Дополнительный этап
— Для не прошедших отбор на основном этапе.
— Повторная подача заявлений на кафедры с оставшимися местами.
Финальное распределение
— Утверждение списков деканатом.
— Студенты, не прошедшие отбор, распределяются учебным отделом принудительно."
Обучение,Как получить зачет?,"Большинство преподавателей охотно ставят зачёт по результатам работы в семестре.
Критерии обычно включают:

Активную работу на семинарах;
Своевременное выполнение домашних заданий;
Успешное написание контрольных работ;
Это наиболее надёжный и комфортный вариант.

Практические советы:

Не упускайте возможность получить зачёт в течение семестре;
Регулярно работайте и демонстрируйте свои знания;
Уточняйте требования конкретного преподавателя.

Общий зачёт стоит рассматривать лишь как крайнюю меру."
Обучение,Как скачать ORIGIN?,"Заходите на оф сайт ориджина. Сверху справа есть красная кнопка попробовать ориджин, нажимаем её, дальше надо выбрать student, на следующей странице выбираете учебное издание, которое на 6 месяцев, дальше вводите свои данные. В ячейках пишите на английском МГУ и физфак; адрес эл почты тот, что вам сегодня должны были дать, который @physics.msu.ru, либо если у вас есть my.msu.ru, по обычной почте не получится, так как это именно учебная версия.

Ссылка на официальный сайт: https://www.originlab.com"
Общежитие,Когда начнётся заселение в общежитие?,В этом учебном году заселение в общежитие начнётся с 26 августа.
Инфраструктура и другие вопросы,Столовые,"На физическом факультете есть 3 столовые (одна на втором этаже и две на цокольном), а также кофейня на цокольном этаже (Кофепорт).
График работы столовых:
2 этаж, пн-пт 09:00 – 18:00.                                                           
0 этаж, пн-пт 08:00 —18:00, сб 09:00 —17:00 
График работы кофепорта:
пн-сб 8:30-19:00.
Сумма чека довольно индивидуальна, но в среднем стоимость одного обеда обходится в 300-400 рублей."
Обучение,Какие существуют центральные секции и как проходит отбор?,Подробно обо всех существующих в МГУ Центральных секциях можно прочесть на официальном сайте: https://sportmsu.ru/sections
Обучение,Какие языки программирования изучаются на физическом факультете?,"На первом курсе изучаются С и С++. На втором курсе Python или одно из альтернативных направлений. Также почти на каждой кафедре отдельно изучаются языки/среды программирования, которые нужны для научной работы в конкретной области."
Обучение,Особенности обучения на совместной программы с МГУ г. Саров,"На этой программе готовят специалистов по теоретической физике для «Росатома». 
Программа ориентирована на изучение фундаментальных и прикладных проблем, которые находятся на переднем крае научно-технологического прогресса и решаются в российских ядерных центрах. Программа включает прохождение практик в научных группах физического факультета МГУ, НИИЯФ имени Д.В. Скобельцына МГУ, институтов РАН и организаций атомной отрасли по научным тематикам Национального центра физики и математики.
Студентов ожидают поездки в технические туры на предприятия Росатома, летние стажировки в новых лабораториях НЦФМ и РФЯЦ-ВНИИЭФ, специальные курсы и гостевые лекции членов Российской академии наук и руководства атомной отрасли.
 Первые четыре года обучение будет проходить в Москве, заключительные два года – в филиале МГУ имени М.В. Ломоносова в городе Сарове. Студенты получают стипендию от «Росатома». Эта стипендия платится при условии наличия государственной академической стипендии (при учёбе без троек и пересдач). С каждым курсом стипендия от «Росатома» увеличивается в размерах. 
 Рабочий план программы"
Стипендии и выплаты,Стипендия для студентов совместной программы с филиалом МГУ в г. Саров,"Стипендия выплачивается «Росатомом» при учёбе на бюджете без троек и пересдач.
Размер стипендии составляет:
10 000 рублей - на 1 курсе;
20 000 рублей - на 2 курсе;
30 000 рублей - на 3 курсе;
40 000 рублей - на 4 курсе;
50 000 рублей - на 5 курсе;
60 000 рублей - на 6 курсе."
Обучение,Что такое военная кафедра?,"Военная кафедра – это замена срочной службе.
После успешного окончания ВУЦ выдаётся военный билет с отметкой «запас» (не нужно служить по призыву).
В МГУ есть военная кафедра, на физфак выделяется около 40 мест для получения звания солдат запаса (обучение 1,5 года, начиная с 3 курса) и порядка 5-10 мест для звания сержант запаса (обучение длится 2 года, начиная с 3 курса), а также около 60 мест для присвоения звания лейтенант (учиться надо 2,5 года).
Занимает военная кафедра по одному дню в неделю, потом – военные сборы летом на месяц.
Конкурс на военную кафедру составляет обычно 2 человека на место. Чтобы вас взяли на военную кафедру средний балл должен быть выше 3,5 за 2 курса, также нужно сдать некоторые нормативы."
Обучение,Что такое ВВХ?,"ВВХ - это группа ВКонтакте ""от студентов для студентов"", предназначенная для успешного освоения образовательных программ.
В группе можно найти полезную информацию: 
1) о различных межфакультетских курсах (МФК), собранную в формате отзывов от студентов, прошедших данные программы.
2) о кафедрах МГУ, выбрать одну из которых предстоит каждому студенту в конце 2 курса (О том, как поступить, что нужно знать, какие ошибки не совершать, отзывы о преподавателях и многое другое).
3) о дополнительных материалах, например, можно найти расписанные билеты, учебники, ссылки на лекции различных преподавателей и тому подобное.
4) о научных руководителях.
И многое другое...
Ссылка на группу ВК: https://vk.com/ff_pomoch
Чтобы вступить в группу, нужно отправить в личные сообщения сообщества фотографию своего студенческого билета."
Обучение,Можно переводиться между кафедрами?,"Да, перевод между кафедрами возможен в соответствии с внутренними регламентами факультета. Для этого необходимо согласовать перевод с текущим и будущим научными руководителями, подать заявление о переводе в учебную часть, а также учесть академические требования для перевода, например, успеваемость, специфику учебного плана, академическую разницу."
Обучение,Кто такой староста? Что входит в его обязанности и как проходят выборы?,"В каждой учебной группе решением студенческого коллектива группы избирается староста. По сути староста это звено между учебной частью и академической группой. Её избирает группа путём голосования.

В обязанности старосты группы входят: 
а) персональный учёт посещения студентами всех видов учебных занятий; 
б) представление в учебную часть факультета сведений о неявке студентов на занятия с указанием причин; 
в) обеспечение учебной дисциплины в группе на лекциях и практических занятиях; 
г) организация получения и распределения среди студентов группы учебников и учебных пособий; 
д) извещение студентов об изменениях, вносимых в расписание занятий группы; 
е) оперативное извещение учебной части о неявке на занятия преподавателя. 

Распоряжения старосты в пределах указанных выше функций обязательны для всех студентов группы. В каждой группе ведётся журнал учёта посещения занятий студентами установленной формы, который хранится у старосты и еженедельно сдаётся 
инспектору курса.  

Староста в каждом семестре получает прибавку в размере около 2 тысяч."
Академический отпуск,Что такое академический отпуск?,Академический отпуск — это временное приостановление обучения в ВУЗе или колледже на определённый срок с сохранением места за студентом.
Инфраструктура и другие вопросы,Часы работы главного корпуса физического факультета,"Вход в здание:
Пн-Сб: 8:00–20:00 (выход до 22:00)
Вс: выходной"
Учебная часть,График работы учебного отдела,"Учебный отдел работает с 8:45 до 17:00 (каб. 2-38)
Часы приёма инспекторов курса: с 8:45 до 11:00, с 12:00 до 13:15, с 14:15 до 17:00."
